month,VTI_adjusted_close,VEA_adjusted_close,BND_adjusted_close,GLD_adjusted_close,VNQ_adjusted_close,SHY_adjusted_close,VTI_return,VEA_return,BND_return,GLD_return,VNQ_return,SHY_return,portfolio_return,benchmark_return,portfolio_value,benchmark_value
2011-01,50.63791275024414,23.03831672668457,50.95530700683594,129.8699951171875,31.08095359802246,66.51978302001953,0.02048405865665881,0.02157659257755684,0.0008722472155862082,-0.06379762129208244,0.03250867791271861,0.0013099090149555348,0.006959341370369065,0.01263933408022977,10069.593413703691,10126.393340802299
2011-02,52.51028823852539,23.880496978759766,51.10478210449219,137.66000366210938,32.54338455200195,66.43904113769531,0.03697576354531362,0.03655563303805631,0.0029334549517323616,0.05998312803425154,0.047052319336577275,-0.0012138025510384232,0.02929725275446908,0.023358840107881116,10364.604837079705,10362.93414371961
2011-03,52.73006057739258,23.28297233581543,51.02949905395508,139.86000061035156,32.01923370361328,66.35269927978516,0.004185319605729099,-0.025021449238506133,-0.001473111662685156,0.01598138086384293,-0.016106218071790246,-0.0012995650814889848,-0.0017195185304352376,0.0019219470983633967,10346.782707001708,10382.851154927663
2011-04,54.25722885131836,24.72449493408203,51.776512145996094,152.3699951171875,33.85922622680664,66.70709228515625,0.02896200492097556,0.06191316888046794,0.01463884823268935,0.08944654978008071,0.05746522668922349,0.005341048807626425,0.03661645811148332,0.023232742245661075,10725.645242581257,10624.073259585162
2011-05,53.68164825439453,24.05678367614746,52.387630462646484,149.63999938964844,34.3246955871582,66.9499282836914,-0.010608367015962017,-0.027006062599650882,0.011803002777151184,-0.017916885312225905,0.01374719425758908,0.003640332537612201,-0.00626581769350717,-0.0016438190987167357,10658.44030484601,10606.60920505489
2011-06,52.715599060058594,23.76348114013672,52.190853118896484,146.0,33.192237854003906,66.94676208496094,-0.01799589293081838,-0.012192092673699917,-0.0037561795029135148,-0.024325042799353547,-0.03299250623443195,-4.729204065834214e-05,-0.01405071014280059,-0.012300007559656434,10508.681649548276,10476.147831650394
2011-07,51.521034240722656,23.19560432434082,53.04005432128906,158.2899932861328,33.711368560791016,67.13829040527344,-0.022660556659424014,-0.023897038167389972,0.016271073409319436,0.08417803620638908,0.015640123726230915,0.0028609049093282213,0.000761845015868623,-0.007087904631926633,10516.687636286335,10401.893894909692
2011-08,48.38429641723633,21.204917907714844,53.919979095458984,177.72000122070312,31.817041397094727,67.36968994140625,-0.06088266413345844,-0.08582170952696433,0.016589816609911434,0.12274943937515781,-0.056192532210025514,0.003446610492105151,-0.023441220078330407,-0.029893671836110493,10270.16364690909,10090.94309234122
2011-09,44.72064208984375,18.80236053466797,54.278404235839844,158.05999755859375,28.367473602294922,67.3012466430664,-0.07571990498320946,-0.11330189456535311,0.006647353103500064,-0.11062347246832638,-0.10841887376476156,-0.0010159360745072288,-0.062155495641007814,-0.042773001748525656,9631.816535121194,9659.323165808237
2011-10,49.80323791503906,20.637035369873047,54.33949279785156,167.33999633789062,32.42154312133789,67.32440948486328,0.11365212098217148,0.0975768351969577,0.0011254671700791086,0.0587118747477946,0.14291260391672655,0.0003441666083798811,0.07341276646596681,0.06864145945733452,10338.914833057082,10322.353205279356
2011-11,49.61727523803711,20.20644760131836,54.30691909790039,170.1300048828125,31.18914222717285,67.3546371459961,-0.0037339475260462773,-0.020864807412370845,-0.0005994479939728237,0.016672693952307194,-0.03801179017151557,0.00044898516547120515,-0.004984032975838842,-0.0024801477132168955,10287.385340594737,10296.752244582265
2011-12,50.102081298828125,19.774585723876953,54.94795227050781,151.99000549316406,32.70193862915039,67.38975524902344,0.009770912619952998,-0.021372479020668078,0.011803895033187572,-0.10662433944055594,0.048503943807071126,0.0005213910209511674,-0.004557700249476599,0.010584105585246828,10240.498521861447,10405.734157524052
2012-01,52.642250061035156,20.885005950927734,55.2965202331543,169.30999755859375,34.7880973815918,67.445556640625,0.05069986508257984,0.05615390595566283,0.006343602413616534,0.11395480912860867,0.06379312175033602,0.0008280396834112747,0.04491547151433373,0.03295736001499452,10700.455341512694,10748.679684373898
2012-02,54.86296844482422,21.90503692626953,55.319000244140625,164.2899932861328,34.38776397705078,67.3506088256836,0.04218509621481403,0.04884034880040278,0.0004065357257843072,-0.029649780549572347,-0.011507769457747119,-0.0014077697578703807,0.020690969721693996,0.025473672019202143,10921.858138992271,11022.4880252931
2012-03,56.54595947265625,21.976720809936523,55.03809356689453,162.1199951171875,36.175994873046875,67.29871368408203,0.03067626626008435,0.003272484036811907,-0.00507794204534362,-0.013208340481005276,0.05200195328749779,-0.0007705222344147611,0.012732631102773244,0.01637458293791316,11060.922129632881,11202.976669645417
2012-04,56.18600082397461,21.453617095947266,55.64543533325195,161.8800048828125,37.21040725708008,67.43443298339844,-0.006365771348449845,-0.023802628177027274,0.011034934660649975,-0.0014803247076433657,0.02859388905994953,0.002016670035530188,-0.001975473616761885,0.0005945110551900841,11039.071569788734,11209.636963126559
2012-05,52.688087463378906,19.057687759399414,56.16384506225586,151.6199951171875,35.53375244140625,67.47276306152344,-0.062255958945259926,-0.11167950494466772,0.009316302871910986,-0.06338034010471139,-0.045058760149818244,0.0005684051370971055,-0.047887785362933574,-0.03362705421839156,10510.434879848628,10832.689893199016
2012-06,54.81938552856445,20.388042449951172,56.201141357421875,155.19000244140625,37.49417495727539,67.40727233886719,0.04045123229547687,0.0698067209069273,0.0006640623540763446,0.02354575543588089,0.055170714635382145,-0.0009706245851608397,0.03188209668884809,0.02453636431891666,10845.529580929802,11098.484718972395
2012-07,55.29914855957031,20.43970489501953,56.893348693847656,156.49000549316406,38.244842529296875,67.55591583251953,0.008751703916051179,0.002533958088187349,0.012316606383908857,0.008376847936764742,0.020020911858358525,0.0022051551486179655,0.008908915019651086,0.010177664903194251,10942.151482309418,11211.441377375317
2012-08,56.79351806640625,21.11134147644043,56.98500442504883,164.22000122070312,38.239131927490234,67.56075286865234,0.027023372796167955,0.03285940696651424,0.0016110096049080092,0.04939609851235338,-0.00014931691252917378,7.160048195942181e-05,0.021076736594378167,0.016858427519663974,11172.77632687784,11400.448649226759
2012-09,58.20843505859375,21.666629791259766,57.0882453918457,171.88999938964844,37.52666091918945,67.57194519042969,0.024913353501593294,0.026302843684235855,0.001811721659733534,0.046705627280061,-0.018631986982648674,0.000165663070675226,0.018110944900613504,0.01567270076484939,11375.125863320805,11579.124469491122
2012-10,57.157291412353516,21.897260665893555,57.03048324584961,166.8300018310547,37.18587875366211,67.52552032470703,-0.018058270166207535,0.010644520022529136,-0.001011804542241923,-0.029437416816341377,-0.009081068157414496,-0.0006870434999587394,-0.009311728463166925,-0.01123968391662129,11269.203780047214,11448.978770422826
2012-11,57.599853515625,22.490327835083008,57.06406021118164,166.0500030517578,37.08768081665039,67.54155731201172,0.00774288095771869,0.0270840804353758,0.0005887547048704089,-0.004675410721908135,-0.0026407319203677337,0.00023749520518423495,0.006719250216661459,0.004881230456579377,11344.924379987899,11504.863874293744
2012-12,58.34455490112305,23.444852828979492,56.56389236450195,162.02000427246094,38.46836471557617,67.55834197998047,0.012928876378062837,0.04244157759263545,-0.008765023814090278,-0.02426979045607558,0.03722756097237356,0.00024850874982362825,0.008793355677100184,0.0042513163012015895,11444.68433519094,11553.774689625636
2013-01,61.50545120239258,24.343257904052734,56.17346954345703,161.1999969482422,39.906524658203125,67.56632232666016,0.05417637184183377,0.038319928114999735,-0.00690233300298726,-0.005061148639644464,0.03738552322824962,0.00011812525952836772,0.027062022263661105,0.029744889903905353,11754.40063747045,11897.44044574308
2013-02,62.293636322021484,24.06374168395996,56.47433853149414,153.0,40.39175796508789,67.60708618164062,0.01281488232701955,-0.011482284795012565,0.005356069163652943,-0.05086846838387371,0.012159247417327324,0.0006033161725658154,0.00029390884357645685,0.009831357061672907,11757.855359768744,12014.408430885167
2013-03,64.7533187866211,24.350595474243164,56.5189208984375,154.4499969482422,41.551883697509766,67.62963104248047,0.03948529271729284,0.011920581348095594,0.0007894269875954318,0.009477104236877087,0.028721843040964368,0.0003334689026424087,0.02018003705689838,0.02400694642541388,11995.129316638528,12302.837690418466
2013-04,65.7930679321289,25.620601654052734,57.092689514160156,142.77000427246094,44.35029983520508,67.67597961425781,0.016057078849256445,0.05215503584513659,0.010151797072589064,-0.0756231330952718,0.067347515652173,0.0006853293602655519,0.01262336512571508,0.013694966138589493,12146.548213732625,12471.324635997309
2013-05,67.40068817138672,24.858604431152344,55.99325180053711,133.9199981689453,41.69916915893555,67.58554077148438,0.02443449271762499,-0.029741581918700022,-0.01925706641216063,-0.06198785346133606,-0.05977706320183829,-0.001336350700631539,-0.00875616284505226,0.006957869065710741,12040.191059567904,12558.098479890552
2013-06,66.43233489990234,24.163768768310547,55.07061004638672,119.11000061035156,40.87275314331055,67.5190200805664,-0.014367112528911319,-0.02795151533008189,-0.016477731235133186,-0.11058839427335088,-0.01981852474026835,-0.0009842444132078798,-0.026157983004869007,-0.015211360011400065,11725.24394645635,12367.07272285432
2013-07,70.24937438964844,25.419475555419922,55.2800407409668,127.95999908447266,41.24150466918945,67.62881469726562,0.05745755429938537,0.05196651230813654,0.0038029485128940888,0.0743010530498811,0.009021939984956928,0.0016261287051886342,0.03969124443369354,0.035995711984788854,12190.633469979835,12812.234310681124
2013-08,68.11988067626953,25.0122127532959,54.80559158325195,134.6199951171875,38.36280059814453,67.56306457519531,-0.030313347725594797,-0.0160216838949373,-0.008582648481357591,0.052047484216675155,-0.0698011407230622,-0.0009722205300305431,-0.015008173435805034,-0.021621068027899912,12007.674328570049,12535.220121060494
2013-09,70.77457427978516,26.97579574584961,55.41607666015625,128.17999267578125,39.698543548583984,67.71378326416016,0.038970908010419025,0.07850496922928052,0.011139102038100424,-0.047838379698351585,0.03481870274361709,0.0022307852657734717,0.027217520528719164,0.027838185621491585,12334.493451110076,12884.177905596833
2013-10,73.79449462890625,27.841365814208984,55.891231536865234,127.73999786376953,41.493202209472656,67.76026153564453,0.042669565728262526,0.0320869151188079,0.008574314627556756,-0.003432632525768975,0.0452071663206568,0.0006863930686469288,0.025975856932903676,0.029031465287980215,12654.892488335949,13258.224469227329
2013-11,75.7889633178711,28.02538299560547,55.726776123046875,120.69999694824219,39.314395904541016,67.8236312866211,0.027027337188153755,0.006609488292509402,-0.002942418860638063,-0.05511195422936577,-0.052509957991003886,0.0009352052300333202,0.0029768203429932924,0.015039434768637026,12692.56382973362,13457.620671280221
2013-12,77.86064910888672,28.557361602783203,55.37189483642578,116.12000274658203,39.35445022583008,67.70331573486328,0.02733492714930863,0.018982028087221936,-0.006368236444137754,-0.03794527189279151,0.0010188207237449287,-0.0017739473613460621,0.008356932440613097,0.013853661711930075,12798.634728156876,13644.057995507614
2014-01,75.39303588867188,27.07056427001953,56.2296257019043,120.08999633789062,41.036895751953125,67.83978271484375,-0.0316926874930612,-0.05206353981310263,0.015490365067194034,0.034188714238774454,0.04275108701731489,0.002015661692477355,-0.01095680584302431,-0.012819466468959106,12658.402572384673,13469.14845153367
2014-02,79.06201171875,28.680683135986328,56.493709564208984,127.62000274658203,43.11555099487305,67.86620330810547,0.04866465167281331,0.059478585296797615,0.0046965253459929635,0.0627030280482701,0.05065332561907998,0.00038945574712068165,0.038384221673280254,0.031077401142085168,13144.285502752706,13887.734581004277
2014-03,79.4647216796875,28.579334259033203,56.397850036621094,123.61000061035156,43.32980728149414,67.79236602783203,0.0050935961808065144,-0.0035336981505144083,-0.0016968177223154468,-0.031421423365686874,0.004969350540053874,-0.0010879830707226645,-0.001864894643935544,0.0023774306195577296,13119.772795120261,13920.751706433446
2014-04,79.5136489868164,29.029451370239258,56.85042953491211,124.22000122070312,44.75325393676758,67.865478515625,0.0006157110488114181,0.015749740953597824,0.008024765092944808,0.0049348807324614,0.03285144210372204,0.0010784767087632652,0.006804920849670848,0.003579332666464774,13209.051810556719,13970.57870775803
2014-05,81.1849594116211,29.541900634765625,57.449153900146484,120.43000030517578,45.826995849609375,67.98674011230469,0.0210191639561379,0.017652736801348157,0.010531571531340767,-0.03051039187154414,0.023992488107320575,0.0017867935116933076,0.011926393879288856,0.016824126986219046,13366.588165221352,14205.621498008319
2014-06,83.31300354003906,29.84786033630371,57.49735641479492,128.0399932861328,46.346744537353516,67.93286895751953,0.02621229528031699,0.0103568049097702,0.0008390465546668224,0.06319017654797743,0.01134153959054629,-0.0007923773767674058,0.019094676252745718,0.01606299579005692,13621.818838840036,14433.806336325968
2014-07,81.65113830566406,29.140026092529297,57.33757019042969,123.38999938964844,46.3838996887207,67.88064575195312,-0.019947249093910435,-0.023714739877467195,-0.0027790186250044036,-0.03631673024297155,0.000801677695770886,-0.0007687472407365004,-0.01586089177698079,-0.013079956906348023,13405.764644431556,14245.012771452251
2014-08,85.04026794433594,29.21712303161621,57.99210739135742,123.86000061035156,47.79584503173828,68.0068588256836,0.04150743895308029,0.00264574022144326,0.01141550293732152,0.0038090706137288155,0.030440419035334454,0.0018593381417093546,0.021849607269004062,0.02947066454677678,13698.675337053084,14664.822764304272
2014-09,83.25733947753906,28.00379753112793,57.66061782836914,116.20999908447266,44.9087028503418,67.95698547363281,-0.02096569672103943,-0.04152789099649978,-0.005716115138759137,-0.061763293138879294,-0.060405714753642537,-0.0007333576776221706,-0.02527777405803169,-0.014865864088127312,13352.403316988726,14446.81750221365
2014-10,85.54351806640625,27.905166625976562,58.07735824584961,112.66000366210938,49.37144088745117,68.13394927978516,0.027459183817469368,-0.0035220546442579215,0.007227470554008297,-0.03054810644807593,0.0993735680137866,0.002604056152858636,0.014306303532375803,0.01936649851208494,13543.426851728269,14726.601771874633
2014-11,87.66522979736328,27.905166625976562,58.56000900268555,112.11000061035156,50.35901641845703,68.20558166503906,0.024802717715092903,0.0,0.00831048056271455,-0.00488197260677703,0.02000297162193765,0.0010513464434558362,0.01256322586930777,0.018205822854141563,13713.57598231098,14994.71167497687
2014-12,87.63166809082031,26.85321044921875,58.59328842163086,113.58000183105469,51.31779479980469,68.00601196289062,-0.0003828394292759718,-0.03769754149321436,0.0005682960011803573,0.013112132840068735,0.019038862343551566,-0.002926002495346136,-0.0035488367189803077,-2.385257093440163e-06,13664.908740316429,14994.675908734484
2015-01,85.23422241210938,27.04462242126465,60.00175094604492,123.44999694824219,54.83399963378906,68.43281555175781,-0.0273582111460694,0.007128085202619205,0.024037949778120016,0.08689905756357263,0.06851823714758987,0.006275968499668494,0.008565031805215307,-0.0067997467763936306,13781.949118292603,14892.715909560999
2015-02,90.12832641601562,28.710540771484375,59.21770477294922,116.16000366210938,52.8193244934082,68.23381805419922,0.05741947149166382,0.06159887626716687,-0.013067054889793761,-0.05905219494812319,-0.03674134941525231,-0.0029079250350014796,0.021053173096967113,0.029224860939080784,14072.102878693611,15327.953461023155
2015-03,89.08025360107422,28.36075210571289,59.540496826171875,113.66000366210938,53.73408889770508,68.40388488769531,-0.011628672767135306,-0.012183283782620347,0.005450938270240124,-0.021522037888980217,0.017318744854660784,0.0024924126825354165,-0.006277873018725355,-0.004796828352185133,13983.760003714733,15254.427899280345
2015-04,89.62842559814453,29.45730209350586,59.347938537597656,113.47000122070312,50.59202194213867,68.42561340332031,0.006153686983483286,0.03866434795895568,-0.003234072586535408,-0.0016716737223684275,-0.05847436925092442,0.00031765031563146806,0.004377605521601324,0.0023985831554758086,14044.975388719744,15291.01691308598
2015-05,90.7912826538086,29.44304847717285,59.05318832397461,114.0999984741211,50.43906021118164,68.45384979248047,0.012974199288937838,-0.0004838737874827137,-0.004966477705646288,0.005552104050766671,-0.0030234358123099048,0.000412658180990233,0.004300150744551839,0.005797928491104187,14105.37090009476,15379.673135704317
2015-06,89.2706527709961,28.586044311523438,58.396385192871094,112.37000274658203,48.08424758911133,68.47563934326172,-0.016748633110633904,-0.029107181829824746,-0.011122229802397743,-0.015162101232906178,-0.04668629058929774,0.00031831008551463924,-0.017680697117806482,-0.01449807178733944,13855.978109475864,15156.69753051706
2015-07,90.7887954711914,29.00419044494629,58.909759521484375,104.93000030517578,50.858943939208984,68.50629425048828,0.017006066978022094,0.014627631891492188,0.008791200464167703,-0.06620986259282224,0.05770489275007362,0.0004476761008815888,0.007481013874240127,0.013720120372480337,13959.634873954019,15364.649245085031
2015-08,85.25836181640625,26.90619659423828,58.764732360839844,108.81999969482422,47.65935516357422,68.4723892211914,-0.06091537646338796,-0.07233416339236465,-0.002461852871622039,0.03707232801234017,-0.06291103447722368,-0.0004949184548342922,-0.035294803157484275,-0.03753396702668159,13466.93230892746,14787.953006943482
2015-09,82.76629638671875,25.808332443237305,59.24050521850586,106.86000061035156,49.11759567260742,68.67440032958984,-0.029229572051288844,-0.040803394383733704,0.008096231167098233,-0.01801138660144541,0.030597151472744333,0.002950256456596856,-0.015912048449978518,-0.014299250763934011,13252.645829555226,14576.496358611925
2015-10,89.31415557861328,27.5462646484375,59.25790023803711,109.30000305175781,51.94606399536133,68.57740783691406,0.07911262769690941,0.06733996506835904,0.00029363388220771114,0.022833636790845047,0.05758564286426027,-0.0014123529613696562,0.04691148248379859,0.047585030171028726,13874.347092252392,15270.119377624364
2015-11,89.85073852539062,27.336273193359375,59.024864196777344,101.91999816894531,51.62093734741211,68.40027618408203,0.006007815259531313,-0.007623227967862967,-0.00393257338386388,-0.06752062833262484,-0.006258927490218502,-0.0025829447104981362,-0.006917657880631207,0.0020316598021732357,13778.369105751059,15301.14306533827
2015-12,87.94280242919922,26.75301742553711,58.92091369628906,101.45999908447266,52.56611251831055,68.2983169555664,-0.02123450655502679,-0.021336330804740178,-0.001761130701490976,-0.004513334897339294,0.018309918793945057,-0.001490625977024207,-0.011744903766982373,-0.013445156213612464,13616.54348653805,15095.416806577965
2016-01,82.90910339355469,25.274015426635742,59.62857437133789,106.94999694824219,50.759620666503906,68.74353790283203,-0.057238328738694055,-0.05528355831329834,0.012010347950415445,0.05410997351969926,-0.03436609186531303,0.006518768940606323,-0.02416664704913392,-0.029538858063050254,13287.477286069701,14649.515432125876
2016-02,82.900634765625,24.494455337524414,60.135986328125,118.63999938964844,50.57501220703125,68.82057189941406,-0.00010214352324477982,-0.03084433066736858,0.008509543656489038,0.10930343875618398,-0.003636915663447371,0.0011205998255561234,0.008264406988442897,0.0033425313486487476,13397.290406211474,14698.481896700272
2016-03,88.79476928710938,26.255844116210938,60.66714096069336,117.63999938964844,55.86790084838867,68.91536712646484,0.07109878637417144,0.07190969361903532,0.008832558755587305,-0.008428860461434318,0.10465422370420252,0.0013774257381837796,0.04589280470739659,0.046192295326737784,14012.129638432014,15377.438513327359
2016-04,89.37926483154297,26.863197326660156,60.91156768798828,123.6500015258789,54.554534912109375,68.94046020507812,0.006582544772921084,0.023132115187804114,0.004028980489673817,0.051088083708025867,-0.023508417469334297,0.00036411441539940803,0.011061673527863346,0.005561119059622177,14167.127241922446,15462.95427973199
2016-05,90.92949676513672,26.78271484375,60.90717315673828,116.05999755859375,55.781227111816406,68.8585433959961,0.01734442475573661,-0.0029960127951813575,-7.214608680750079e-05,-0.06138296703293311,0.022485613738313592,-0.001188225446107416,0.0013969041726325632,0.010377796418718966,14186.917361080903,15623.425671279008
2016-06,91.17813873291016,26.23107147216797,62.137420654296875,126.47000122070312,59.6459846496582,69.2734375,0.002734447859264577,-0.020596992306430195,0.02019872921031296,0.08969501879279118,0.0692841971743412,0.006025310492234981,0.01578888986292747,0.00972016039968393,14410.913036789463,15775.28787479638
2016-07,94.80281066894531,27.321557998657227,62.50962448120117,128.97999572753906,62.18870162963867,69.24095153808594,0.03975373906954793,0.04157232111720255,0.005990010898184295,0.01984656031160892,0.04263014509552643,-0.00046895264745683285,0.027727562173510002,0.02624824780100248,14810.49252399409,16189.361540066186
2016-08,94.99849700927734,27.432832717895508,62.3134880065918,124.77999877929688,59.847808837890625,69.07914733886719,0.002064140703753825,0.0040727808876692695,-0.0031377004139315767,-0.03256316550912575,-0.037641769813576476,-0.002336828071025976,-0.004603098133973671,-1.659574332033573e-05,14742.318373493661,16189.092865577546
2016-09,95.18765258789062,27.88214683532715,62.38468933105469,125.63999938964844,58.75105285644531,69.16862487792969,0.001991142855605421,0.016378699278056574,0.001142631021639362,0.006892135107908315,-0.01832574997718106,0.0012952901491902757,0.0033766103087517875,0.0016517381220189974,14792.0974376885,16215.833007424524
2016-10,93.1014404296875,27.21136474609375,61.798580169677734,121.94000244140625,55.37799835205078,69.1352767944336,-0.021916835865626982,-0.024057763313386826,-0.009395080229808728,-0.02944919584699579,-0.057412664801708146,-0.0004821273164667961,-0.020563828091319326,-0.01690813361129968,14487.91528886983,15941.653536316466
2016-11,97.28242492675781,26.80143928527832,60.207969665527344,111.75,54.45006561279297,68.81033325195312,0.044907838995551286,-0.01506449473006588,-0.025738625382381253,-0.08356570639157301,-0.01675634307615692,-0.004700111976793764,-0.00016058834868951482,0.016649253244378267,14485.588698477637,16207.070163176737
2016-12,99.21507263183594,27.457685470581055,60.40658950805664,109.61000061035156,57.07297897338867,68.86016845703125,0.019866360306429298,0.02448548297416253,0.003298896203155266,-0.019149882681417818,0.04817098622521132,0.000724240135498988,0.012973863669378648,0.013239374665119685,14673.522751422377,16421.641637290915
2017-01,101.05622100830078,28.464614868164062,60.51871871948242,115.55000305175781,56.96231460571289,68.9334945678711,0.018557143865599146,0.03667204210135844,0.0018562413858975724,0.05419215772584596,-0.0019389975723429487,0.0010648552346426143,0.018763232863617398,0.011876782873718517,14948.845475736902,16616.677909447037
2017-02,104.79013061523438,28.765199661254883,60.891849517822266,119.2300033569336,58.96086883544922,68.9588394165039,0.03694883471475641,0.01055994590065601,0.006165543591056366,0.031847686784806095,0.0350855516242643,0.0003676710254092441,0.022862341479729344,0.02463551826527639,15290.611085730905,17026.038381593433
2017-03,104.84803009033203,29.64495849609375,60.86784744262695,118.72000122070312,57.531864166259766,69.00292205810547,0.0005525279409208661,0.030584137958334923,-0.0003941754994366553,-0.00427746474772539,-0.02423649273516626,0.0006392602018039373,0.003102479893818766,0.00017384656477785753,15338.049899188589,17028.998299877847
2017-04,105.96285247802734,30.301212310791016,61.352359771728516,120.7699966430664,57.671180725097656,69.13199615478516,0.010632745190680692,0.02213711362705184,0.007960070044505052,0.01726748147982482,0.0024215547480832544,0.0018705598665951229,0.011505036510172718,0.009563675132210436,15514.514723273605,17191.85810744484
2017-05,107.03448486328125,31.33464813232422,61.788063049316406,120.62000274658203,57.25322341918945,69.18268585205078,0.010113283666803197,0.03410542822292206,0.0071016547563775845,-0.0012419798017191397,-0.007247247249895672,0.0007332306324865367,0.010486642578211613,0.008908632102632952,15677.209893950976,17345.014046484735
2017-06,108.04843139648438,31.534334182739258,61.81982421875,118.0199966430664,58.531463623046875,69.12866973876953,0.009473082759245965,0.006372691647015705,0.0005140340684939293,-0.02155534773928114,0.02232608275168313,-0.000780775025080227,0.0037953759802762557,0.005889463282945151,15736.710799820226,17447.166869853674
2017-07,110.08007049560547,32.4425048828125,62.19838333129883,120.75,59.25583267211914,69.25723266601562,0.01880304112575204,0.028799425249014465,0.0061235876570806536,0.02313170169958645,0.01237572075315474,0.00185976278339961,0.01639697149870951,0.013731259738283486,15994.745198288314,17686.73844984081
2017-08,110.24502563476562,32.450138092041016,62.86262893676758,125.81999969482422,59.101131439208984,69.39736938476562,0.001498501394643803,0.00023528421298202318,0.010679467373462925,0.04198757511241591,-0.0026107342675643075,0.002023423595710172,0.007473952010819439,0.005170887786171452,16114.289156325603,17778.1945896683
2017-09,112.9350814819336,33.26603317260742,62.567970275878906,121.58000183105469,59.033687591552734,69.26775360107422,0.024400700455002422,0.02514303878313906,-0.004687342318837273,-0.03369891808976022,-0.0011411600085122764,-0.001867733385868986,0.008839563941067425,0.012765483345466544,16256.732445687794,18005.14183661517
2017-10,115.38526153564453,33.856101989746094,62.5511360168457,120.66999816894531,58.40138626098633,69.20458221435547,0.021695473377799868,0.017737877374106592,-0.0002690555400627348,-0.007484813689786707,-0.01071085606139377,-0.0009119883847044097,0.009941983480936672,0.012909661810654827,16418.35661111683,18237.582128578742
2017-11,118.88177490234375,34.14728927612305,62.48445510864258,121.0999984741211,59.95733642578125,69.05496215820312,0.03030294614896789,0.008600732785633225,-0.001066022337070982,0.003563440057186007,0.02664234985521796,-0.0021619963789234475,0.014725144472697722,0.017755358754552343,16660.119284219796,18561.396942087267
2017-12,120.26205444335938,34.7121467590332,62.82253646850586,123.6500015258789,59.86893844604492,69.04106140136719,0.011610522657063749,0.016541795699874795,0.005410647484649589,0.021057003170010358,-0.0014743480115356755,-0.00020129989795791836,0.010500058210495473,0.009130572588098084,16835.0515064979,18730.8731242035
2018-01,126.5533447265625,36.360321044921875,62.044620513916016,127.6500015258789,57.32207489013672,68.8433837890625,0.05231317818677517,0.04748119721116839,-0.0123827530424504,0.03234937283169237,-0.04254064999337659,-0.002863189068828098,0.025916507925831733,0.026434805695084936,17271.35725229784,19226.020115741107
2018-02,121.79541015625,34.50322723388672,61.401649475097656,125.0,52.921016693115234,68.7741928100586,-0.03759627673683952,-0.05107473635177162,-0.010363042492525953,-0.020759902030566435,-0.07677771967355573,-0.0010050490721942307,-0.031255610410977186,-0.02670298303911409,16731.530438751215,18712.628026680806
2018-03,119.40436553955078,34.36868667602539,61.823219299316406,125.79000091552734,54.98004913330078,68.94416046142578,-0.01963164797123118,-0.0038993615567992634,0.006865773604171954,0.006320007324218668,0.038907650851186526,0.002471387077367826,-0.00402016739211979,-0.009032679341069926,16664.266885661087,18543.60285808708
2018-04,119.94105529785156,34.80363845825195,61.29593276977539,124.58999633789062,55.431705474853516,68.78227996826172,0.0044947247604862905,0.012655467062987036,-0.008528940024752907,-0.009539745360543916,0.008214913385356848,-0.00234799426203236,0.0009033463775661778,-0.0007147411536093883,16679.320490787046,18530.348981988216
2018-05,123.205078125,34.306549072265625,61.71402359008789,123.0999984741211,57.471527099609375,69.02456665039062,0.027213557685004774,-0.014282684455034889,0.006820857460197782,-0.011959209467577336,0.03679882491945374,0.0035225160061675975,0.011268380870319455,0.01905647759508198,16867.269426735358,18883.472162192524
2018-06,124.07190704345703,33.73937225341797,61.83036422729492,118.6500015258789,59.88658905029297,69.05439758300781,0.007035659013807649,-0.016532610658475666,0.0018851572209872547,-0.03614944763120931,0.04202188583744815,0.0004321784846297305,-0.000686580235018514,0.004975458296679491,16855.68869292823,18977.426090432018
2018-07,128.18905639648438,34.51011276245117,61.80765914916992,115.98999786376953,60.246864318847656,69.0129623413086,0.033183574357290135,0.02284394929591871,-0.0003672156618960143,-0.022418909632539674,0.006015959069769705,-0.0006000376970838328,0.014637123327210183,0.019763258349615676,17102.407487091685,19352.481865067963
2018-08,132.58900451660156,33.91238784790039,62.22111892700195,113.51000213623047,61.79823684692383,69.25222778320312,0.034323898184477564,-0.0173202828592649,0.006689458612793686,-0.021381117106768266,0.02575026178733153,0.003466963796036282,0.012126631066591278,0.023270122355804012,17309.802073038154,19802.816485956573
2018-09,132.8489990234375,34.15345764160156,61.88140106201172,112.76000213623047,60.151702880859375,69.15315246582031,0.0019609054897413714,0.007108605704275073,-0.005459848213092977,-0.006607347245927042,-0.026643704579193295,-0.0014306444796688966,-0.0015787611792712488,-0.001007395991392368,17282.474029504374,19782.867208010342
2018-10,123.00406646728516,31.217226028442383,61.347835540771484,115.1500015258789,58.39219284057617,69.2590560913086,-0.07410618543249603,-0.08597172338951187,-0.008622389152203369,0.02119545356837582,-0.029251209126501587,0.0015314359752525153,-0.043960273270200904,-0.04791266692037896,16522.73174838221,18835.017280742853
2018-11,125.48084259033203,31.37508201599121,61.73814392089844,115.54000091552734,61.120948791503906,69.52298736572266,0.02013572554290799,0.005056694896753644,0.006362219248428946,0.003386881324189961,0.0467315203999592,0.0038107835900349496,0.013269152595702181,0.014626323025116373,16741.97439724935,19110.504327674647
2018-12,113.96656799316406,29.59372901916504,62.895362854003906,121.25,56.26066970825195,70.0512466430664,-0.0917612151741728,-0.05677604271817538,0.018743986450064698,0.04942010593064916,-0.07951903855143616,0.007598339734235848,-0.03918892021267436,-0.0475591345244778,16085.874498392906,18201.625281524153
2019-01,123.69965362548828,31.80328941345215,63.594078063964844,124.75,62.93016815185547,70.22715759277344,0.0854029896987687,0.07466312855862767,0.011109168915724776,0.028865979381443196,0.11854637490433717,0.002511175148721456,0.05707743283303007,0.055685461385551124,17004.01491963548,19215.191183292736
2019-02,128.10189819335938,32.54512405395508,63.53677749633789,123.98999786376953,63.36775588989258,70.28758239746094,0.03558817214799381,0.023325720520882554,-0.0009010362186447907,-0.006092201492829408,0.006953544712945625,0.0008604193414445405,0.01729034593610528,0.02099248880133837,17298.020219898674,19618.565869023587
2019-03,129.91668701171875,32.7409553527832,64.76863861083984,122.01000213623047,66.03961944580078,70.72817993164062,0.014166759774473459,0.006017223916660042,0.01938815852870346,-0.01596899557748621,0.04216440235868246,0.006268497494880565,0.012241072564393787,0.01625531927616546,17509.766540630804,19937.471920965047
2019-04,135.0159912109375,33.670230865478516,64.7526626586914,121.19999694824219,65.93324279785156,70.85792541503906,0.03925057139702748,0.028382663324340696,-0.00024666184886834586,-0.006638842503124187,-0.0016108004383115215,0.0018344241789316484,0.019243259531963593,0.02345167809866915,17846.711522516256,20405.039094556774
2019-05,126.30765533447266,31.915815353393555,65.93522644042969,123.33000183105469,66.02442169189453,71.36933135986328,-0.06449855160385909,-0.0521058355404308,0.018262782303972935,0.017574298155486723,0.0013828971573948134,0.007217342898888646,-0.026862158578252183,-0.03139401804072628,17367.310327498104,19764.442929100533
2019-06,135.24781799316406,33.785884857177734,66.75731658935547,133.1999969482422,67.0506591796875,71.6983413696289,0.07078084566622,0.058593818866210956,0.012468147806673713,0.08002914919848991,0.015543301425371636,0.004609963460448618,0.049229026212228084,0.04745576652240149,18222.28610284641,20702.37971818926
2019-07,137.158203125,33.09737014770508,66.85720825195312,133.2100067138672,68.19373321533203,71.652587890625,0.01412507174002986,-0.020378768008687542,0.0014963402919880853,7.514839229982861e-05,0.01704791645047421,-0.0006381385974890685,0.003795302299585074,0.00907357916081315,18291.44518719624,20890.224399379462
2019-08,134.3016357421875,32.473636627197266,68.70852661132812,143.75,70.74842071533203,72.21278381347656,-0.02082680669277326,-0.01884541030674791,0.027690632136452065,0.0791231345612986,0.037462203336678934,0.007818223170203975,0.005941458592465532,-0.0014198311610831293,18400.12305137232,20860.563807815204
2019-09,136.69129943847656,33.4973258972168,68.31852722167969,138.8699951171875,72.1117935180664,72.1158676147461,0.017793258310542015,0.03152370280457517,-0.005676142523832528,-0.0339478600543478,0.019270717126254056,-0.0013420919899833628,0.007928468365323705,0.008405497976792197,18546.00784490319,21035.90723469654
2019-10,139.56996154785156,34.57366943359375,68.53099822998047,142.42999267578125,72.92379760742188,72.34147644042969,0.02105958551276088,0.03213222272367666,0.003110005688667039,0.02563546974700759,0.011260350765676552,0.003128421429924755,0.017304154620303436,0.013879753583123343,18866.930832240756,21327.88044351157
2019-11,144.8565673828125,35.03845977783203,68.50251007080078,137.86000061035156,71.97260284423828,72.30742645263672,0.037877819670735,0.013443477416564376,-0.00041569742037150803,-0.03208588289288572,-0.013043681135536223,-0.0004706841699727571,0.01317941857112176,0.022560412834292397,19115.58601083126,21809.046231197623
2019-12,148.91854858398438,36.28818130493164,68.4513931274414,142.89999389648438,72.52606201171875,72.41950225830078,0.02804140174354175,0.035667136484414774,-0.0007462054062915557,0.03655877893383952,0.007689858996460908,0.0015499902452962289,0.02049795017397784,0.016526358883608427,19507.416340427666,22169.470356123602
2020-01,148.8275146484375,35.20100784301758,69.8064193725586,149.3300018310547,73.41709899902344,72.83879089355469,-0.0006113001799472606,-0.029959436456142075,0.01979545168050012,0.04499655849690343,0.012285748909967253,0.005789719925972658,0.005613856671212154,0.0075514005642316915,19616.928179788487,22336.88090707955
2020-02,136.92276000976562,32.5078125,70.97040557861328,148.3800048828125,68.2584457397461,73.47734069824219,-0.07999028047195078,-0.07650904073622411,0.016674486623392992,-0.006361728631845698,-0.07026501087091386,0.008766617304516666,-0.0430149391848701,-0.04132437363381327,18773.10720714092,21413.823294661404
2020-03,117.91009521484375,27.581953048706055,69.95655059814453,148.0500030517578,55.02189254760742,74.39141845703125,-0.1388568620261953,-0.1515284810780161,-0.01428560217745567,-0.002224031676743232,-0.19391817450116922,0.012440267300132923,-0.0911397160442706,-0.08902835808669944,17062.131547013447,19507.385766378982
2020-04,133.39541625976562,29.517820358276367,71.88699340820312,158.8000030517578,59.95298767089844,74.59425354003906,0.13133159647361925,0.07018601279437431,0.02759488273153643,0.07261060302877431,0.08962060181816556,0.002726592491645752,0.08183768120985596,0.08983691097678612,18458.456829318562,21259.869044862993
2020-05,140.59388732910156,31.164125442504883,72.36769104003906,162.91000366210938,60.99279022216797,74.53575134277344,0.05396340647356346,0.055773260499802246,0.006686851251468395,0.02588161543682088,0.017343631930027303,-0.0007842721723091417,0.035039194008830814,0.03505278438472543,19105.226279264683,22005.086650540074
2020-06,143.82498168945312,32.25419998168945,72.85345458984375,167.3699951171875,62.4717903137207,74.55297088623047,0.022981755620628208,0.034978505692247364,0.0067124367631949955,0.02737702630176453,0.024248769176904883,0.00023102394685525773,0.020079279579251597,0.016474028077654922,19488.845459150907,22367.599065872302
2020-07,152.08529663085938,33.10234069824219,73.91262817382812,185.42999267578125,64.74696350097656,74.62273406982422,0.0574331026806032,0.02629551243045003,0.014538412625007213,0.10790463097013703,0.036419208987454876,0.0009357532337672669,0.0432103823011354,0.040275226658364804,20330.965922048563,23268.459188053737
2020-08,162.8908233642578,34.815250396728516,73.216552734375,184.8300018310547,65.03335571289062,74.60550689697266,0.07104912159671528,0.051745878459201755,-0.009417544155189472,-0.0032356731296194763,0.004423253175567687,-0.00023085689724855474,0.03371319686972302,0.03886245529595338,21016.387778730215,24172.72864305519
2020-09,157.12841796875,34.18867492675781,73.14441680908203,177.1199951171875,63.3006706237793,74.60465240478516,-0.03537587493570382,-0.01799715535090851,-0.000985240667567,-0.0417140433776253,-0.026643021417513624,-1.145347338338265e-05,-0.022600361526116938,-0.02161962122844909,20541.409816957846,23650.123405734255
2020-10,154.06536865234375,32.97661209106445,72.73747253417969,176.1999969482422,61.400672912597656,74.57015228271484,-0.01949392322536736,-0.035452173513303875,-0.005563572623246582,-0.0051942084141127776,-0.030015443635251104,-0.0004624392843910474,-0.016549603460347555,-0.01392178298451905,20201.457629970704,23320.871520122528
2020-11,172.24984741210938,37.691139221191406,73.62016296386719,166.6699981689453,67.34114074707031,74.58654022216797,0.1180309301099316,0.14296578184283604,0.012135291465794618,-0.05408625961608993,0.09674923014164305,0.00021976540145707268,0.07113088600239273,0.0756726746522768,21638.405209730317,25085.62424327231
2020-12,180.3048553466797,39.81316375732422,73.73247528076172,178.36000061035156,69.18226623535156,74.61675262451172,0.04676351274377977,0.05630035546762491,0.0015255646330156747,0.07013861264675048,0.0273402776943803,0.00040506507278337267,0.03593297797894279,0.02866833349947413,22415.937547630998,25804.787285120932
2021-01,179.70269775390625,39.526432037353516,73.09707641601562,172.61000061035156,69.20671844482422,74.634033203125,-0.0033396637689853126,-0.007201932549707357,-0.008617625575794041,-0.03223816988295236,0.0003534462052670051,0.00023159113745196969,-0.0077651269051580265,-0.005450848491708804,22241.874947875545,25664.129299268963
2021-02,185.34420776367188,40.487815856933594,71.96575927734375,161.80999755859375,71.57715606689453,74.59085083007812,0.03139357438857915,0.02432255506066272,-0.015476913635139589,-0.06256881416817583,0.03425155353898446,-0.000578588228366983,0.00776335145445946,0.012645379179091653,22414.54644010204,25988.661945559455
2021-03,192.1053466796875,41.60870361328125,71.05078887939453,159.9600067138672,75.26482391357422,74.54932403564453,0.03647882497971877,0.027684569607518084,-0.012713968519710628,-0.011433105943016053,0.05152017835457534,-0.0005567277215833277,0.016970585240435564,0.016801707579947013,22794.934411089493,26425.31584396284
2021-04,201.7808074951172,42.87958908081055,71.66608428955078,165.66000366210938,81.18048095703125,74.59166717529297,0.05036539056647049,0.030543741024501303,0.008659937769314396,0.035633887903232075,0.07859789920255333,0.0005679882439737494,0.034414384985241554,0.03368320944760805,23579.408059626057,27315.405292254236
2021-05,202.70094299316406,44.41312026977539,71.77632904052734,178.3800048828125,81.83595275878906,74.63666534423828,0.004560074416736226,0.03576366336148329,0.0015383113514495506,0.07678377966625938,0.008074253737234693,0.0006032599973877506,0.015685410762136434,0.0033513691906215557,23949.260760569323,27406.949299980035
2021-06,207.7319793701172,44.003910064697266,72.42054748535156,165.6300048828125,83.99440002441406,74.50868225097656,0.024819994927812505,-0.009213723390576689,0.008975360727357273,-0.07147662098325525,0.026375293411528,-0.001714748276486322,0.004875144802804377,0.018482141247630413,24066.01687469722,27913.48840810891
2021-07,211.33990478515625,44.22598648071289,73.26670837402344,169.82000732421875,87.70768737792969,74.63233184814453,0.01736817521297862,0.005046742793745285,0.011683989117080795,0.025297363508325565,0.04420874906465566,0.0016595327340707122,0.015448429224292315,0.01509450077461949,24437.799033096602,28334.828580507445
2021-08,217.38108825683594,44.80678176879883,73.12799072265625,169.69000244140625,89.59733581542969,74.60809326171875,0.02858515280311602,0.013132443938570493,-0.0018933244640804148,-0.0007655451490135023,0.021544843946888825,-0.00032477326951407814,0.013915045614979268,0.01639376189623745,24777.852121371838,28799.34301362699
2021-09,207.6768798828125,43.28981399536133,72.38676452636719,164.22000122070312,84.50689697265625,74.5328598022461,-0.044641456401938284,-0.033855762756294205,-0.010136012065478761,-0.03223525924924131,-0.056814622850613894,-0.0010083820157250623,-0.031583626158830216,-0.030839278667354475,23995.27770295165,27911.19204899302
2021-10,221.56509399414062,44.68737030029297,72.43766021728516,166.64999389648438,90.5347900390625,74.28278350830078,0.0668741466029581,0.0322837216413403,0.0007031076917305423,0.014797178527087285,0.07133019058026324,-0.003355248874239214,0.03664645874832685,0.04040573103846707,24874.619657447514,29038.964167887632
2021-11,218.3291473388672,42.612483978271484,72.58552551269531,165.5,88.6251220703125,74.24042510986328,-0.014604947904650611,-0.04643115735113823,0.0020412765261415,-0.006900653696985448,-0.021093194869354015,-0.0005702317069575802,-0.014069570331509728,-0.007946458132333767,24524.6444467075,28808.207254921173
2021-12,226.6104278564453,44.45698165893555,72.3602523803711,170.9600067138672,97.22672271728516,74.08281707763672,0.037930256305745536,0.04328538279074712,-0.003103554472231762,0.032990977123064535,0.09705600901907263,-0.0021229408640013325,0.028934772442912364,0.021516731994554616,25234.259453016315,29428.065729668895
2022-01,212.87901306152344,42.74175262451172,70.86608123779297,168.08999633789062,89.03858947753906,73.57183837890625,-0.060594805476562374,-0.03858176984624595,-0.02064905930294192,-0.016787612677039987,-0.08421690056915176,-0.006897398329156146,-0.041421928705916725,-0.0446165070071142,24189.007757006868,28115.088228835306
2022-02,207.58547973632812,41.60985565185547,70.05960083007812,178.3800048828125,85.93767547607422,73.25391387939453,-0.024866393586978175,-0.02648223114760917,-0.011380344356966443,0.061217257237826006,-0.03482662988778684,-0.004321279806471012,-0.012599647957104549,-0.01947197389497348,23884.23477483691,27567.63196478855
2022-03,214.35263061523438,41.89091110229492,68.13148498535156,180.64999389648438,91.32073974609375,72.22702026367188,0.032599346001954466,0.006754540385600194,-0.027521079507760726,0.0127255799503041,0.06263916542073833,-0.01401827644886433,0.010876252025305745,0.008551175798068387,24144.005731679612,27803.367632055903
2022-04,194.77874755859375,39.04759979248047,65.42484283447266,176.91000366210938,87.5876693725586,71.86812591552734,-0.09131627169892764,-0.06787418165413661,-0.039726745299340505,-0.020702963524693363,-0.04087866988281641,-0.00496897624786885,-0.061002000911530276,-0.07068046113909279,22671.1730720277,25838.212786602464
2022-05,194.28912353515625,39.6930046081543,65.96770477294922,171.13999938964844,83.48383331298828,72.2966079711914,-0.00251374459264464,0.016528668064204943,0.008297489378003231,-0.03261547766106776,-0.046854038804417075,0.005962059678134457,-0.001757972005347214,0.0018107489956145086,22631.317784438696,25884.99930445428
2022-06,178.29666137695312,36.05314636230469,64.87126922607422,168.4600067138672,77.26522827148438,71.86695098876953,-0.0823126990704105,-0.09170024496210238,-0.01662079271438599,-0.01565965107712486,-0.07448873386287624,-0.005942975673119855,-0.05642286513558835,-0.05603593652800069,21354.393993246667,24434.50912640254
2022-07,194.96177673339844,37.96184539794922,66.41638946533203,164.10000610351562,83.92235565185547,72.1614761352539,0.09346846557722177,0.05294126111667663,0.023818252019597752,-0.0258815174913124,0.08615942163504853,0.00409820011051254,0.05320786774143645,0.06560838015417216,22490.615764537863,26037.617690048148
2022-08,187.69265747070312,35.7526969909668,64.55836486816406,159.27000427246094,78.87651824951172,71.57695007324219,-0.03728484313433145,-0.05819391506983396,-0.027975393003526916,-0.02943328245830701,-0.060125068739442455,-0.008100250900024974,-0.036991466992893476,-0.03356106308200964,21658.65489383411,25163.76756024719
2022-09,170.36770629882812,32.22747802734375,61.85788345336914,154.6699981689453,68.72406005859375,70.72349548339844,-0.09230489570205613,-0.0986000850373252,-0.0418300776407462,-0.028881810636775418,-0.1287133156512118,-0.011923595360942896,-0.07208951706089306,-0.07211496847753215,20097.29292234906,23349.083255864018
2022-10,184.1892852783203,34.1862907409668,61.14175033569336,151.91000366210938,71.13290405273438,70.63458251953125,0.08112792782012845,0.06078082535534035,-0.011577071145921658,-0.017844407703562548,0.035050955838273445,-0.0012571913090474451,0.03857927460097706,0.044045928233708405,20872.631904736638,24377.51530127469
2022-11,193.7105255126953,38.476200103759766,63.3831787109375,164.80999755859375,75.5047607421875,71.12460327148438,0.051692693307256565,0.1254862481366601,0.03665953890652096,0.0849186596373046,0.06146039934222358,0.006937405651369577,0.060576655483442,0.04567943154696232,22137.026136662567,25491.066342764294
2022-12,182.36827087402344,37.63646697998047,62.87227249145508,169.63999938964844,71.70359802246094,71.20833587646484,-0.05855259856764228,-0.021824741567898265,-0.008060596358103744,0.02930648566594085,-0.050343351629252964,0.0011772663906588487,-0.02823755544710321,-0.03835579768382686,21511.930633694585,24513.336159376217
2023-01,194.9973907470703,41.03512954711914,64.95516204833984,179.41000366210938,79.1625747680664,71.76102447509766,0.06925064218967592,0.09030238063914142,0.03312890522873735,0.05759257431981046,0.10402513892355825,0.0077615716170034155,0.060876433237935054,0.054801947405300484,22821.500242735783,25856.714718310803
2023-02,190.31393432617188,39.60929870605469,63.22347640991211,169.77999877929688,74.520263671875,71.18270111083984,-0.024018046615676636,-0.03474659046530426,-0.026659707771016117,-0.05367596391642193,-0.05864275018583753,-0.008059017669940105,-0.030186818943251398,-0.02507471107781243,22132.591746894952,25208.365067327737
2023-03,195.46595764160156,40.658363342285156,64.9151611328125,183.22000122070312,72.91402435302734,72.35576629638672,0.027071182852012488,0.02648531204795379,0.0267572240402012,0.07916128247166143,-0.02155439661244618,0.016479638553196674,0.02915296630225203,0.026945599327287975,22777.822448273684,25887.619572127955
2023-04,197.5728759765625,41.7294921875,65.29679870605469,184.8000030517578,73.1423110961914,72.53226470947266,0.010778952818086607,0.026344612944635193,0.005879020656844425,0.008623522653246951,0.0031309030764612444,0.002439313714997615,0.010873891338038667,0.008818979953589734,23025.50601449335,26115.921970180712
2023-05,198.41563415527344,40.172298431396484,64.53691101074219,182.32000732421875,70.24472045898438,72.25891876220703,0.004265556061505693,-0.03731638403617987,-0.01163744180986992,-0.013419890078922081,-0.03961579274404292,-0.0037686117807090858,-0.010311804867421991,-0.0020956430870445525,22788.07148949824,26061.192318842106
2023-06,211.76644897460938,41.9515266418457,64.3925552368164,178.27000427246094,74.1991195678711,71.90151977539062,0.06728711109976371,0.04428992813263255,-0.0022367939782824697,-0.02221370606110007,0.05629460951724741,-0.004946088219124234,0.0333451906240259,0.03947754906854523,23547.944077269487,27090.02431739399
2023-07,219.5245361328125,43.26876449584961,64.316162109375,182.35000610351562,75.70867156982422,72.1202163696289,0.03663511002695863,0.03139904455086007,-0.0011863658331379145,0.02288664235862692,0.0203446080053864,0.003041612957854767,0.022525284519152734,0.02150651968292001,24078.368217451083,27672.636458586807
2023-08,215.28497314453125,41.5609016418457,63.891380310058594,180.02000427246094,73.15129852294922,72.41617584228516,-0.019312478973723013,-0.03947103352506698,-0.006604588728320371,-0.012777635059315506,-0.03377912983873188,0.0041036964051717195,-0.018058328977938902,-0.014229322875561955,23643.553122928402,27278.873579599527
2023-09,204.948974609375,39.987911224365234,62.307373046875,171.4499969482422,67.8377685546875,72.3589859008789,-0.048010775597501554,-0.037847841488999334,-0.02479219036271496,-0.047605861131121974,-0.07263753447376942,-0.0007897398715281945,-0.03951148388340634,-0.03872334150358692,22709.361254765357,26222.54444214352
2023-10,199.52638244628906,38.634246826171875,61.36006164550781,184.08999633789062,65.38104248046875,72.5999984741211,-0.026458254662757863,-0.03385184063749125,-0.015203841135374208,0.07372411557093361,-0.03621472413613158,0.0033307898147210135,-0.013733823403547552,-0.0219564892518044,22397.474897685046,25646.789426944633
2023-11,218.31248474121094,42.03669738769531,64.14665985107422,188.75,73.28021240234375,73.36371612548828,0.0941534751675206,0.08806825138411978,0.04541387558678256,0.02531372564947043,0.12081743609754647,0.01051952709943138,0.07132331739611777,0.07465763533522538,23994.93710868422,27561.518079500776
2023-12,229.86968994140625,44.38594055175781,66.42728424072266,191.1699981689453,80.2017822265625,74.17321014404297,0.05293881938953371,0.05588553121564099,0.035553283599539576,0.012821182352028115,0.0944534629105056,0.011033983300001493,0.0450031688837727,0.04598460507353605,25074.78531574184,28828.92360361374
2024-01,232.4375762939453,43.904090881347656,66.31891632080078,188.4499969482422,76.14449310302734,74.40831756591797,0.01117105240448879,-0.01085590762345745,-0.0016313766423020626,-0.014228180398366375,-0.050588515752351904,0.003169708057915166,-0.0013615677668570914,0.006050080785772449,25040.644296295064,29003.340920382467
2024-02,244.7537384033203,45.10872268676758,65.41492462158203,189.30999755859375,77.6512222290039,74.11995697021484,0.05298696667616132,0.027437803203247846,-0.013630978148767126,0.004563548019519192,0.01978776224746648,-0.003875381209199724,0.02315468646762518,0.026339788746189936,25620.4525639231,29767.28279315907
2024-03,252.73199462890625,46.758995056152344,65.97081756591797,205.72000122070312,79.16622924804688,74.37459564208984,0.0325970760554386,0.036584329395539905,0.00849795283800625,0.08668323846462611,0.019510407892550763,0.0034354940596812433,0.030466586985082204,0.02295742676846566,26401.020310559034,30450.663007979223
2024-04,241.7533721923828,45.165260314941406,64.38201141357422,211.8699951171875,72.87724304199219,74.04610443115234,-0.04343978075527666,-0.03408402467369198,-0.024083469190846696,0.02989497307015121,-0.07944026469101839,-0.004416712562960168,-0.029712734856559942,-0.035697256129504674,25616.57379412874,29363.657891270155
2024-05,253.25709533691406,47.27159881591797,65.46394348144531,215.3000030517578,76.20024108886719,74.57887268066406,0.047584540559693966,0.046636252869769246,0.01680488142753145,0.016189210429127243,0.04559719753614,0.00719508816303871,0.03448900983909749,0.035272676906828955,26500.064059758413,30399.392708871586
2024-06,261.0546875,46.48965072631836,66.04048156738281,215.00999450683594,77.62944793701172,74.98479461669922,0.030789234760481676,-0.016541604455660996,0.008806956246088404,-0.0013469974027457976,0.01875593604064507,0.005442854275543363,0.013111432072900466,0.021996323354724366,26847.517849605447,31068.06758068318
2024-07,265.9925842285156,47.891300201416016,67.59518432617188,226.5500030517578,83.792724609375,75.8693618774414,0.018915181243453594,0.030149709735379115,0.023541662960206544,0.053671963349382734,0.0793935399020762,0.011796621771971827,0.027900649116380617,0.020765773930154774,27596.581024773055,31713.220048510415
2024-08,271.66241455078125,49.283546447753906,68.5764389038086,231.2899932861328,88.16725158691406,76.54608154296875,0.021315745845736256,0.029070963629772795,0.014516634393684003,0.02092249026936499,0.05220652506446388,0.008919538121600512,0.02166465366742114,0.018596101264915354,28194.45139507969,32302.96229996906
2024-09,277.17950439453125,49.81509780883789,69.47927856445312,243.05999755859375,91.0500259399414,77.13794708251953,0.02030862404309053,0.010785574484731608,0.013165449753244518,0.050888514912532656,0.03269665665131405,0.007732146801251227,0.02014293989213861,0.017451354327152124,28762.370534822607,32866.692740882456
2024-10,275.0945129394531,47.25878143310547,67.77310180664062,253.50999450683594,87.99384307861328,76.65673828125,-0.007522170369820724,-0.051316096689042245,-0.024556627430000533,0.04299348742370923,-0.03356597463622968,-0.006238288928726021,-0.014536303944661624,-0.014335953193892647,28344.271974559444,32395.517372111113
2024-11,293.5267639160156,47.44743728637695,68.4971694946289,245.58999633789062,91.74163818359375,76.88370513916016,0.0670033392509699,0.003991974561141198,0.010683702954220387,-0.031241364603207922,0.04259156065762704,0.002960820705381728,0.02922454023094389,0.044475484732270094,29172.620291196774,33836.32371038843
2024-12,284.60223388671875,45.78394317626953,67.34574127197266,242.1300048828125,84.06087493896484,77.07624816894531,-0.03040448479120761,-0.03505972514526179,-0.016809865738270258,-0.014088486936242095,-0.08372167095226846,0.0025043411921505943,-0.02709293430446998,-0.02496663717003267,28382.24840615813,32991.54449314339
2025-01,293.2342834472656,47.81367874145508,67.7484359741211,258.55999755859375,85.44804382324219,77.36771392822266,0.030330224196281952,0.044332912902914634,0.0059795125058046406,0.06785607873643396,0.016501956293989872,0.0037815249989656685,0.028076686678692307,0.020589939520091027,29179.127901894648,33670.838398931606
2025-02,287.69561767578125,48.895565032958984,69.20948028564453,263.2699890136719,88.60929107666016,77.93653869628906,-0.018888193107476248,0.022627129306532545,0.021565727540655555,0.018216241876358952,0.036996133696838296,0.007352224063310597,0.005269266113796611,-0.0027066248482235256,29332.880491778236,33579.70407106054
2025-03,270.8500671386719,48.89080047607422,69.21794128417969,288.1400146484375,86.31626892089844,78.2800064086914,-0.058553378995482186,-9.744353872487288e-05,0.00012225201663462748,0.09446585889998316,-0.02587789754212022,0.004407017788418788,-0.015032363222529708,-0.035083126590635456,28891.93797786277,32401.62306225945
2025-04,268.85943603515625,50.85297393798828,69.49214935302734,303.7699890136719,84.20936584472656,78.91612243652344,-0.007349568432990061,0.04013379700899544,0.003961517256369618,0.05424437277239913,-0.024409107373520422,0.00812616218387796,0.008680911510003485,-0.00282513415724619,29142.746334801104,32310.084130196043
2025-05,285.6717834472656,53.4595947265625,69.02359008789062,303.6000061035156,85.15318298339844,78.71517181396484,0.06253210845056967,0.051257981327755164,-0.006742621569472362,-0.0005595776946504261,0.011207982974390074,-0.0025463823659129803,0.03139300744798187,0.03482221644255285,30057.62478754416,33435.192873054824
2025-06,300.4220886230469,55.27114486694336,70.07040405273438,304.8299865722656,85.73944854736328,79.17572784423828,0.05163374904509643,0.03388634256669287,0.015166031837967164,0.004051318985581975,0.006884834405769036,0.0058509181859109916,0.030569878490676494,0.037046662162244726,30976.48272501773,34673.85516775238
2025-07,307.3017578125,54.5052490234375,69.88423919677734,302.9599914550781,85.81646728515625,79.10287475585938,0.022900011184215474,-0.013857064935955843,-0.002656825780780747,-0.0061345510598058706,0.0008982882336876497,-0.0009201442204892496,0.005802690382776961,0.012677276398216985,31156.22966341845,35113.425213505725
2025-08,314.52740478515625,56.9193000793457,70.6907730102539,318.07000732421875,88.8008804321289,79.8049545288086,0.023513197659822627,0.04429024908904,0.011540997265571562,0.049874624687468394,0.034776695445360994,0.008875527913695835,0.026104139380377624,0.0187243175021222,31969.53622511938,35770.90013579043
2025-09,325.2840576171875,58.37062072753906,71.47209930419922,355.4700012207031,88.85206604003906,80.03455352783203,0.03419941368663504,0.02549786533162246,0.011052733768125211,0.11758415768627128,0.000576408788528493,0.0028770018149757437,0.03219871501523103,0.024940741719231108,32998.9142112011,36663.052917141584
2025-10,332.4703063964844,59.40321350097656,71.90304565429688,368.1199951171875,86.67499542236328,80.30165100097656,0.022092225582583058,0.017690282552543124,0.006029574537379512,0.035586670754335525,-0.024502194655718346,0.0033372769806436775,0.015498247441939388,0.015667165164501638,33510.33954896163,37237.45902262931
2025-11,333.35247802734375,59.977962493896484,72.33250427246094,387.8800048828125,88.7743148803711,80.654052734375,0.002653384720039842,0.009675385539714476,0.00597274585876173,0.05367817567023114,0.024220589199663856,0.00438847432158207,0.010804118926748952,0.003981129175528598,33872.38924272435,37385.706157166846
2025-12,333.2642517089844,61.884281158447266,72.11540222167969,396.30999755859375,86.78909301757812,80.89177703857422,-0.00026466375435829637,0.031783651616120956,-0.0030014452418718474,0.02173350667644791,-0.022362570361350365,0.002947456403488369,0.005113915899958554,-0.001359376349363717,34045.609792642295,37334.88491241253
